scientific_name,common_name,description,image_url
Adiantum peruvianum,Silver-Dollar Fern,,
Adiantum raddianum,Maidenhair Fern,,
Adiantum ternerum 'Scutum Roseum',Rosy Maidenhair Fern,,
Adiantum trapeziforme,Diamond Maidenhair Fern,,
Aechmea 'Better than Bert',Living Vase Bromeliad,"Plant from Mitchell Park Domes collection. one is potted, easily transplanted",
Aechmea 'Black Panther',Living Vase Bromeliad,"Plant from Mitchell Park Domes collection. potted, easily transplanted",
Aechmea 'Blue Tango',Living Vase,Plant from Mitchell Park Domes collection. easily transplanted,
Aechmea 'Buckwheat',Bromeliad,Plant from Mitchell Park Domes collection. easily transplanted,
Aechmea 'Del Mar',Living Vase,Plant from Mitchell Park Domes collection. easily transplanted,
Aechmea 'Foster's Favorite',Bromeliad,Plant from Mitchell Park Domes collection. easily transplanted,
Aechmea blanchetiana,Bromeliad,,
Aechmea chantinii,Amazonian Zebra Plant,Plant from Mitchell Park Domes collection. easily transplanted,
Aechmea fasciata,Silver Vase Plant,Plant from Mitchell Park Domes collection. easily transplanted,
Aechmea fulgens,Coralberry,Plant from Mitchell Park Domes collection. easily transplanted,
Aechmea gamosepala 'Lucky Stripe',Variegated Matchstick Plant,"Plant from Mitchell Park Domes collection. potted, easily transplanted",
Aechmea gamosepala�,Matchstick Bromeliad,Plant from Mitchell Park Domes collection. easily transplanted,
Aechmea miniata�,Bromeliad,Plant from Mitchell Park Domes collection. easily transplanted,
Alocasia baginda 'Silver Dragon',Silver Dragon Alocasia,Plant from Mitchell Park Domes collection. relatively expensive,
Alocasia baginda 'Dragon Scale',Dragon Scale Alocasia,Plant from Mitchell Park Domes collection. relatively expensive,
Alocasia heterophylla 'Cory Aquino',Dwarf Elephant Ear,Plant from Mitchell Park Domes collection. rarely seen on the market,
Alocasia reginula 'Black Velvet',Black Velvet Alocasia,,
Alocasia zebrina,Tiger Elephant Ear,Plant from Mitchell Park Domes collection. threatened species,
Alpinia vittata,Variegated Ginger,,
Amorphophallus bulbifer,Voodoo Lily,Plant from Mitchell Park Domes collection. potted,
Amorphophallus konjac,Voodoo Lily,Plant from Mitchell Park Domes collection. a few are potted,
Amorphophallus titanum�,Titan Arum,"Plant from Mitchell Park Domes collection. potted, endangered, blooming size",
Anthurium 'Big Red Bird' x A. 'Round Wan',Anthurium,"Plant from Mitchell Park Domes collection. new hybrid, not readily available",
Anthurium andraeanum 'White Heart',Anthurium,,
Anthurium atropurpureum,Anthurium�,Plant from Mitchell Park Domes collection. rarely seen on the market,
Anthurium atropurpureum var. arenicola,Anthurium,Plant from Mitchell Park Domes collection. rarely seen on the market,
Anthurium clarinervium,Anthurium,,
Anthurium ensifolium,Anthurium,Plant from Mitchell Park Domes collection. rarely seen on the market,
Anthurium forgetii,Anthurium,Plant from Mitchell Park Domes collection. relatively expensive,
Anthurium gracile,Red Pearls Anthurium,Plant from Mitchell Park Domes collection. potted,
Anthurium grandifolium,Anthurium,"Plant from Mitchell Park Domes collection. potted, rarely seen on the market",
Anthurium hybrid,Red Anthurium,,
Anthurium magnificum,Anthurium,Plant from Mitchell Park Domes collection. relatively expensive,
Anthurium pedatoradiatum sub. helleborifolium,Anthurium,Plant from Mitchell Park Domes collection. rarely seen on the market,
Anthurium pentaphyllum,Anthurium,,
Anthurium podophyllum,Anthurium,"Plant from Mitchell Park Domes collection. ours are nice large plants, small if you purchase",
Anthurium veitchii,King Anthurium,"Plant from Mitchell Park Domes collection. potted, small if you purchase",
Anthurium vittarifolium,Strap-Leafed Anthurium,"Plant from Mitchell Park Domes collection. potted, small if you purchase",
Anthurium willdenowii,Anthurium,Plant from Mitchell Park Domes collection. rarely seen on the market,
Arachniodes simplicior 'Variegata',Variegated Leather Leaf Fern,,
Artocarpus altilis 'Ma afala',Breadfruit Tree,Plant from Mitchell Park Domes collection. one is potted,
Asparagus sp. �,Ming Fern,,
Aspidistra elatior 'Asahi',Morning Sun Cast Iron Plant,Plant from Mitchell Park Domes collection. extremely slow growing,
Aspidistra elatior 'Milky Way',Cast Iron Plant,,
Aspidistra elatior 'Variegata',Variegated Cast Iron Plant,Plant from Mitchell Park Domes collection. From Dan Heim's personal collection.� Rare.,
Begonia cleopatrae,Maple Leaf Begonia�,Plant from Mitchell Park Domes collection. potted,
Begonia x ricinifolia,Castor Bean Begonia,Plant from Mitchell Park Domes collection. potted,
Bignonia argyreoviolascens,Silvery Trumpet Vine,,
Billbergia 'Casablanca',Bromeliad,Plant from Mitchell Park Domes collection. potted,
Billbergia chlorostica,Rainbow Plant,Plant from Mitchell Park Domes collection. potted,
Billbergia nutans,Queen's Tears,Plant from Mitchell Park Domes collection. easily transplanted,
Billbergia pyramidalis 'Kyoto',Kyoto Flaming Torch,Plant from Mitchell Park Domes collection. easily transplanted,
Bosenbergia rotunda,"Fingerroot, Chinese Keys",,
Caladium 'Poison Dart Frog',Caladium,Plant from Mitchell Park Domes collection. goes dormant,
Caladium praetermissum 'Hilo Beauty',Spotted Elephant Ear,Plant from Mitchell Park Domes collection. potted,
Goeppertia bella,Zebra Plant,,
Calathea crotalifera 'Yellow Rattleshaker',Rattle Shaker,,
Goeppertia majestica 'Wilson's Princep',Calathea,,
Campyloneurum aglaolepis,Narrow Strap Fern,"Plant from Mitchell Park Domes collection. attached to stem of tree fern, very slow growing",
Cananga odorata var. fruticosa,Dwarf Ylang Ylang,,
Ceratozamia mexicana,Mexican Horncone,Plant from Mitchell Park Domes collection. might be hard for us to move,
Ceratozamia robusta,Cycad,Plant from Mitchell Park Domes collection. might be hard for us to move,
Chamaedorea metallica,Metallic Palm,"Plant from Mitchell Park Domes collection. hard to find, expensive",
Chondrodendron tomentosum,Curare,Plant from Mitchell Park Domes collection. unavailable on the market,
Citrus medica�,Buddha's Hand Citron,,
Citrus sinensis 'Valencia',Sweet Orange,,
Clerodendrum quadriloculare,Starburst Bush,Plant from Mitchell Park Domes collection. one is potted,
Cola acuminata,Cola Tree,Plant from Mitchell Park Domes collection. potted,
Colocasia 'Cophama',Pharaoh's Mask Elephant Ear,"Plant from Mitchell Park Domes collection. expensive, potted",
Colocasia fallax,Dwarf Taro,Plant from Mitchell Park Domes collection. easily transplanted,
Costus guanaiensis,Spiral Ginger,,
Costus afer,Spiral Flag Ginger,,
Cubanola domingensis,Tree Lily,Plant from Mitchell Park Domes collection. potted,
Curcuma alismatifolia 'Giant Pink',Siam Tulip,Plant from Mitchell Park Domes collection. might be dormant,
Curcuma alismatifolia 'Raspberry',Raspberry Siam Tulip,Plant from Mitchell Park Domes collection. potted,
Curcuma longa,Turmeric,"Plant from Mitchell Park Domes collection. potted, might be dormant",
Derris elliptica,Tuba Root,Plant from Mitchell Park Domes collection. unavailable on the market,
Disocactus anguliger,Fishbone Cactus,Plant from Mitchell Park Domes collection. potted,
Disocactus x hybridus 'Ackermannii',Orchid Cactus,Plant from Mitchell Park Domes collection. one potted,
Dracaena angolensis,African Spear,Plant from Mitchell Park Domes collection. easily transplanted,
Epipremnum pinnatum 'Marble Planet',Marble Planet Pothos,,
Urceolina caucana,Amazon Lily,Plant from Mitchell Park Domes collection. rarely seen on the market,
Eucomis comosa,Pineapple Lily,Plant from Mitchell Park Domes collection. potted,
Ficus montana,Oak-Leaf Ficus,,
Ficus pumila 'Variegata',Creeping Fig,,
Ficus villosa,Shaggy Leaved Fig,,
Gardenia jasminoides 'Variegata',Variegated Gardenia,Plant from Mitchell Park Domes collection. slow growing,
Gonatopus boivinii,Giraffe's Knees�,Plant from Mitchell Park Domes collection. relatively expensive,
Goudaea ospinae var. gruberi,Bromeliad,Plant from Mitchell Park Domes collection. easily transplanted,
Guzmania�,Orange Guzmania,,
Guzmania lingulata,Scarlet Star,Plant from Mitchell Park Domes collection. one is potted,
Hedychium 'Mutant',Mutant Ginger,Plant from Mitchell Park Domes collection. rarely seen on the market,
Hibiscus clayi,Koki'o 'ula,Plant from Mitchell Park Domes collection. Federally Endangered Species,
Hippeastrum 'Dancing Queen',Amaryllis,Plant from Mitchell Park Domes collection. potted,
Hohenbergia catingae var. elongata,Bromeliad,"Plant from Mitchell Park Domes collection. unavailable on the market, one is potted",
Hohenbergia lemei,Bromeliad,"Plant from Mitchell Park Domes collection. umavailable on thee market, potted",
Hohenbergia rosea,Giant Bromeliad,Plant from Mitchell Park Domes collection. unavailable on the market,
Homalocladium platycladum�,Centipede Plant,Plant from Mitchell Park Domes collection. we grow from cuttings,
Hoya carnosa 'Variegata',Variegated Wax Plant,"Plant from Mitchell Park Domes collection. potted, ours is a nice size",
Pombalia communis�,Hybanthus,Plant from Mitchell Park Domes collection. unavailable on the market,
Pombalia prunifolia,Hybanthus,Plant from Mitchell Park Domes collection. unavailable on the market,
Selenicereus undatus,Dragon Fruit,,
Hymenocallis caribaea,Caribbean Spider Lily,Plant from Mitchell Park Domes collection. potted,
Kaempferia pulchra 'Pink Lace',Peacock Ginger,Plant from Mitchell Park Domes collection. potted,
Medinilla magnifica,Pink Lantern�,,
Microsorum musifolium 'Crocodyllus',Crocodile Fern,,
Microsorum punctatum 'Serratum',Elkhorn Fern,Plant from Mitchell Park Domes collection. growing on a rock,
Monstera deliciosa,Split-Leaf Philodendron,Plant from Mitchell Park Domes collection. easily propagated from cuttings,
Monstera deliciosa var. borsigiana 'Albo',Variegated Split-Leaf Philodendron,Plant from Mitchell Park Domes collection. potted,
Monstera obliqua,Swiss Cheese Vine,Plant from Mitchell Park Domes collection. easily propagated from cuttings,
Murraya� paniculata,Orange Jasmine,,
Nematanthus 'Yellow Maroon',Goldfish Plant,Plant from Mitchell Park Domes collection. potted,
Neoregelia 'Dragon',Dragon Bromeliad,Plant from Mitchell Park Domes collection. one is potted,
Neoregelia 'Zoe',Bromeliad�,Plant from Mitchell Park Domes collection. potted,
Nerium oleander�,Austin Pretty Limits Oleander,,
Oncidium sphacelatum,Kandyan Dancer Orchid,Plant from Mitchell Park Domes collection. easily moved,
Pandanus tectorius 'Variegata',Variegated Screw Pine,,
Pavonia x gledhillii 'Rosea',Brazilian Candles,,
Peperomia prostrata,String of Turtles,Plant from Mitchell Park Domes collection. potted,
Peperomia rotundifolia 'Hope',Peperomia,Plant from Mitchell Park Domes collection. potted,
Philodendron 'Florida Green',Florida Green Philodendron,Plant from Mitchell Park Domes collection. easily propagated from cuttings,
Philodendron 'Jungle Boogie',Philodendron,,
Philodendron 'Pink Princess',Philodendron,Plant from Mitchell Park Domes collection. potted,
Philodendron billietiae,Philodendron,"Plant from Mitchell Park Domes collection. relatively expensive, easily moved",
Philodendron burle-marxii,Philodendron,,
Philodendron copense,Philodendron,"Plant from Mitchell Park Domes collection. unavailable on the market, easily propagated by cuttings",
Philodendron gloriosum,Philodendron,Plant from Mitchell Park Domes collection. easily propagated from cuttings,
Philodendron hastatum 'Silver Sword',Silver Sword Philodendron,Plant from Mitchell Park Domes collection. easily propagated from cuttings,
Philodendron martianum,Flask Philodendron,,
Philodendron melanochrysum,Black Gold Philodendron,Plant from Mitchell Park Domes collection. easily propagated from cuttings,
Philodendron pastazanum,Philodendron,,
Philodendron plowmanii,Philodendron,Plant from Mitchell Park Domes collection. easily propagated from cuttings,
Philodendron warscewiczii,Snowflake Philodendron,Plant from Mitchell Park Domes collection. relatively expensive,
Pilea peperomioides,Chinese Money Plant,Plant from Mitchell Park Domes collection. potted,
Piper nigrum,Black Pepper,Plant from Mitchell Park Domes collection. one is potted,
Piper unguiculatum,Peruvian Pepper,"Plant from Mitchell Park Domes collection. unavailable on the market, may be difficult to move",
Platycerium alcicorne,Staghorn Fern,,
Plinia cauliflora 'Sabara',Jaboticaba,,
Plumeria rubra,Frangipani,"Plant from Mitchell Park Domes collection. large specimen, potted",
Polyscias guilfoylei 'Ming Gold',Variegated Ming Aralia,Plant from Mitchell Park Domes collection. potted,
Portea 'Candy',Bromeliad,"Plant from Mitchell Park Domes collection. one is potted, one is in a tree",
Pseuderanthemum laxiflorum,Amethyst Star,Plant from Mitchell Park Domes collection. easily propagated by cuttings,
Psilotum nudum,Hawaiian Moa,Plant from Mitchell Park Domes collection. easily moved,
Quesnelia marmorata 'Tim Plowman',Bromeliad,Plant from Mitchell Park Domes collection. potted,
Rhaphidophora tetrasperma,Mini Monstera,Plant from Mitchell Park Domes collection. easily propagated by cuttings,
Rhipsalis pilocarpa,Hairy Stemmed Rhipsalis,Plant from Mitchell Park Domes collection. potted,
Ruellia prostrata,Bell Weed,Plant from Mitchell Park Domes collection. unavailable on the market,
Ruellia simplex,Mexican Petunia,Plant from Mitchell Park Domes collection. one is potted,
Saccharum officinarum 'Ivory Stripes',Variegated Sugar Cane,Plant from Mitchell Park Domes collection. this variegated cultivar no longer available,
Sauromatum venosum,Voodoo Lily,"Plant from Mitchell Park Domes collection. one is potted, goes dormant",
Selenicereus anthonyanus,Ric Rac Cactus,Plant from Mitchell Park Domes collection. potted,
Tapeinochilos ananassae,Indonesian Wax Ginger,Plant from Mitchell Park Domes collection. potted,
Wallisia cyanea,Pink Quill,Plant from Mitchell Park Domes collection. easily transplanted,
Tillandsia xerographica x brachycaulos,Air Plant,"Plant from Mitchell Park Domes collection. easily transplanted, both hanging in trees",
Typhonodorum lindleyanum,Water Banana,Plant from Mitchell Park Domes collection. potted,
Vanilla planifolia,Vanilla Orchid,Plant from Mitchell Park Domes collection. relatively expensive,
Vanilla planifolia 'Variegata',Variegated Vanilla Vine,Plant from Mitchell Park Domes collection. relatively expensive,
Vriesea 'Splenriet',Flaming Sword�,Plant from Mitchell Park Domes collection. easily transplanted,
Vriesea imperialis green,Giant Bromeliad,"Plant from Mitchell Park Domes collection. too large to move, but can be propogated from pups",
Vriesea simplex x mariae,Painted Feather Bromeliad,Plant from Mitchell Park Domes collection. easily transplanted,
Vriesea splendens,Variegated Bromeliad,Plant from Mitchell Park Domes collection. easily transplanted,
Zamia furfuraceae,Cardboard Palm,Plant from Mitchell Park Domes collection. endangered,
Zamioculcas zamiifolia 'Dowon',Raven Z Z Plant,"Plant from Mitchell Park Domes collection. one is potted, relatively expensive",
Zapoteca portoricensis,White Powder Puff,Plant from Mitchell Park Domes collection. unavailable on the market,
Zingiber officianale,Edible Ginger,Plant from Mitchell Park Domes collection. one is potted,
Zingiber zerumbet,Bitter Ginger,,
Agave angustifolia var. angustifolia�,"
",Plant from Mitchell Park Domes collection. Doesn't seem readily available to purchase,
Agave schottii,"
",Plant from Mitchell Park Domes collection. New plants would be much smaller�,
Agave stricta 'Nana',Dwarf Hedgehog Agave,Plant from Mitchell Park Domes collection. Doesn't seem readily available to purchase,
Aloe sp.,"
",Plant from Mitchell Park Domes collection. Ideally should be identified to remain in collection,
Aloe unknown,"
",Plant from Mitchell Park Domes collection. Ideally should be identified to remain in collection,
Drimiopsis maculata,"
",Plant from Mitchell Park Domes collection. Could possibly save as dormant bulbs,
Euphorbia abyssinica,"
",Plant from Mitchell Park Domes collection. Larger specimen but can probably be saved.,
Euphorbia sp.,"
",Plant from Mitchell Park Domes collection. Ideally should be identified to remain in collection,
Euphorbia unknown,"
",Plant from Mitchell Park Domes collection. Ideally should be identified to remain in collection,
Euphorbia unknown hybrid,"
",Plant from Mitchell Park Domes collection. Ideally should be identified to remain in collection,
Ferocactus emoryi,"
",Plant from Mitchell Park Domes collection. One is a CITES rescue,
Ferocactus sp.,"
",Plant from Mitchell Park Domes collection. Ideally should be identified to remain in collection,
Ferocactus unknown,"
",Plant from Mitchell Park Domes collection. Ideally should be identified to remain in collection,
Fouquieria formosa,"
",Plant from Mitchell Park Domes collection. Smaller can be done by staff; larger needs consult. Two are CITES rescues,
Gasteraloe unknown,"
",Plant from Mitchell Park Domes collection. Ideally should be identified to remain in collection,
Gasteria hybrid,"
",Plant from Mitchell Park Domes collection. Ideally should be identified to remain in collection,
Gasteria sp,"
",Plant from Mitchell Park Domes collection. Ideally should be identified to remain in collection,
Gasteria species,"
",Plant from Mitchell Park Domes collection. Ideally should be identified to remain in collection,
Gasteria unknown,"
",Plant from Mitchell Park Domes collection. Ideally should be identified to remain in collection,
Gasterworthia unknown,"
",Plant from Mitchell Park Domes collection. Ideally should be identified to remain in collection,
Graptopetalum unknown,"
",Plant from Mitchell Park Domes collection. Ideally should be identified to remain in collection,
Graptoveria #2(?),"
",Plant from Mitchell Park Domes collection. Ideally should be identified to remain in collection,
Graptoveria #3(?),"
",Plant from Mitchell Park Domes collection. Ideally should be identified to remain in collection,
Gymnocalycium possibly saglione,"
",,
Gymnocalycium unknown,"
",Plant from Mitchell Park Domes collection. Ideally should be identified to remain in collection,
Haworthia unknown,"
",Plant from Mitchell Park Domes collection. Ideally should be identified to remain in collection,
Haworthiopsis attenuata var. glabrata,"
",,
Hectia argentea,"
",,
Hectia sp.,"
",Plant from Mitchell Park Domes collection. Ideally should be identified to remain in collection; would need to cut back to attempt moving,
Juttadinteria suavissima,"
",Plant from Mitchell Park Domes collection. Seed available but plants not readily sold,
Mammillaria unknown,"
",Plant from Mitchell Park Domes collection. Ideally should be identified to remain in collection,
Mammillaria unknown�,"
",Plant from Mitchell Park Domes collection. Ideally should be identified to remain in collection,
Opuntia sp.,"
",Plant from Mitchell Park Domes collection. Ideally should be identified to remain in collection,
Opuntia unknown,"
",Plant from Mitchell Park Domes collection. Ideally should be identified to remain in collection,
Raphianacme flanaganii,"
",Plant from Mitchell Park Domes collection. Good sized specimen,
Sedum pachyphyllum�,Jelly Bean Plant,Plant from Mitchell Park Domes collection. Readily available and easy to propagate,
Senecio crassisimus,"
",,
Unknown Gasteria,"
",Plant from Mitchell Park Domes collection. Ideally should be identified to remain in collection,
Adenium boehmianum�,Bushman Poison�,Plant from Mitchell Park Domes collection. Nice sized specimen,
Aloe cameronii,"
",,
Aloe harlana,"
",,
Aloe jacksonii,"
",,
Aloe jucunda,"
","Plant from Mitchell Park Domes collection. Readily Available, but will be much smaller than our established clumps",
Aloe maculata�,"
","Plant from Mitchell Park Domes collection. Readily Available, but will be much smaller than our established clumps",
Aloe munchii,"
",,
Aloe rivae,"
",,
Aloe rivierei,"
",,
Dracaena serpenta,"
",,
Dracaena unknown,"
",Plant from Mitchell Park Domes collection. Ideally should be identified to remain in collection,
Euphorbia tirucalli�,Pencil Plant,Plant from Mitchell Park Domes collection. Original specimen might be too large/weak (leaning on rock) to move; can move smaller one. Easily propagated,
Gasteria obliqua,"
",,
Gasteria sp.,"
",Plant from Mitchell Park Domes collection. Ideally should be identified to remain in collection,
Haworthia sp.,"
",Plant from Mitchell Park Domes collection. Ideally should be identified to remain in collection,
Tephrocactus articulatus,Paper Spine,Plant from Mitchell Park Domes collection. Easily propagated,
STETSONIA CORYNE,Toothpick Cactus,,
Carnegiea gigantea�,Giant Saguaro �,Plant from Mitchell Park Domes collection. Small plants,
Yucca elata,SOAP TREE,,
Brachychiton rupestris,Australian Bottle Tree,Plant from Mitchell Park Domes collection. Large specimen roughly 20 years old; unsure of probability of transplant success,
Brachychiton sp.,Australian Bottle Tree,Plant from Mitchell Park Domes collection. Ideally should be identified to remain in collection,
Hohenbergia magnispina,"
",,
Aloe deltoideodonta,"
",,
Calibanus hookeri,Mexican Boulder,"Plant from Mitchell Park Domes collection. Large specimens; one in pot, one in ground. Unsure of transplant success for in-ground plant",
Cephalocereus senilis�,Old Man Cactus,Plant from Mitchell Park Domes collection. Available for purchase; would likely be much smaller�,
Copiapoa gigantea,"
",,
Dracaena ballyi 'Tom Grumbley',Tom Grumbley Snake Plant,Plant from Mitchell Park Domes collection. Uncommon cultivar; specimen presumably received from a well-known plantsman,
Agave 'Dragon's Toes',Dragon's Toes,,
Aloe arborescens 'Variegata',Variegated Octopus Aloe,Plant from Mitchell Park Domes collection. Unsure of transplant success,
Dracaena pethera,"
",,
Dracaena trifasciata 'Moonshine',Moonshine Snake Plant,,
Gasteria batesiana 'Variegata',Variegated Gasteria�,Plant from Mitchell Park Domes collection. Very small specimen,
Nopalea cochenillifera forma variegata,Variegated Nopal,Plant from Mitchell Park Domes collection. Large specimen; new one would be much smaller or expensive if larger,
FEROCACTUS� GLAUCESCENS,"
",Plant from Mitchell Park Domes collection. Varied sizes; some might be too large to successfully transplant,
Pilosocereus palmeri�,Wooly Torch Cactus,Plant from Mitchell Park Domes collection. Varied sizes; some might be too large to successfully transplant,
Opuntia echios,"
",,
Euphorbia buruana,"
",Plant from Mitchell Park Domes collection. CITES Rescue; IUCN Vulnerable,
Aloe acutissima var. antanimorensis,"
",,
Aloe conifera,"
",,
Aloe erythrophylla,"
",,
Aloe rauhii,"
",,
Didieria madagascariensis,"
",,
Euphorbia aff croizatii�,"
",,
Euphorbia betrokana,"
",,
Euphorbia capsaintemariensis,"
",,
Euphorbia croizatii�,"
",,
Euphorbia decaryi�,"
",,
Euphorbia decaryi var. spirosticha,"
",,
Euphorbia duranii�,"
",,
Euphorbia genoudiana�,"
",,
Euphorbia hedyotoides,"
",Plant from Mitchell Park Domes collection. Didn't find during 2023 inventory; verify still in collection. ICUN Endangered,
Euphorbia millii var. roseana,"
",,
Euphorbia platyclada,"
",Plant from Mitchell Park Domes collection. IUCN Vulnerable,
Euphorbia platyclada var. hardyi,"
",Plant from Mitchell Park Domes collection. IUCN Vulnerable,
Kalanchoe beauverdii,Widow's Thrill,,
Kalanchoe beharensis,Velvet Elephant Ear,"Plant from Mitchell Park Domes collection. Varied sizes, smooth and felt-leaved. Largest might not survive. IUCN Vulnerable",
Kalanchoe bracteata,Silver Teaspoons,Plant from Mitchell Park Domes collection. Larger specimens; unsure of transplant success. New plants would be much smaller.�,
Kalanchoe dinklagei,"
",,
Kalanchoe orgyalis,Copper Spoons,Plant from Mitchell Park Domes collection. New plants would likely be much smaller,
Kalanchoe rhombopilosa,"
",Plant from Mitchell Park Domes collection. New plants would likely be much smaller,
Kalanchoe viguieri�,"
",,
Kalanchoe viguieri var. angustisepala,"
",,
Kleinia madagascariensis,"
",,
SENECIO DESCOINGSII,"
",,
Senna meridionalis,"
",Plant from Mitchell Park Domes collection. IUCN Vulnerable,
Agave 'Blue Glow',Blue Glow Agave,,
Agave albopilosa,White Hair Agave,Plant from Mitchell Park Domes collection. IUCN Critically Endangered,
Agave americana subsp. americana,"
",Plant from Mitchell Park Domes collection. Not positive on ID. Plant seems to have a disease. Pups can potentially be saved.,
Agave angustifolia,Mescal Agave,Plant from Mitchell Park Domes collection. Large plant would be difficult to remove; pups can potentially be saved,
Agave attenuata�,Lion's Tail Agave,Plant from Mitchell Park Domes collection. Large established clumps. Could dig out portions to save,
Agave attenuata variegata,"
",,
Agave bovicornuta 'Reggae Time',Cowhorn Agave,,
Agave bracteosa,"
",Plant from Mitchell Park Domes collection. Good sized plants,
Agave mitis,"
",,
Agave polianthiflora,Tuberose-flowered Agave,,
Agave potatorum,"
",,
Agave potatorum 'Kissho Kan',Lucky Crown Agave,,
Agave tequilana,Tequila agave,Plant from Mitchell Park Domes collection. Nice large specimens. Some donated from Sonoran Desert Museum,
Agave titanota,Chalk Agave,Plant from Mitchell Park Domes collection. IUCN Endangered,
Agave victoriae-reginae,Queen Agave,,
Astrophytum myriostigma,Bishop's Cap,,
Astrophytum ornatum,Star Plant,Plant from Mitchell Park Domes collection. New plants would be much smaller or likely expensive. IUCN Vulnerable,
Beaucarnea recurvata�,Pony Tail Palm,Plant from Mitchell Park Domes collection. 2-3 large potted specimens could be moved; two in-ground specimens too large to move,
Echeveria carnicolor,Red Echeveria,Plant from Mitchell Park Domes collection. Species might be mislabeled.�,
Echinocereus brandegeei,"
",,
Echinocereus pentalophus,Lady Finger Cactus,,
Euphorbia lomelii,Slipper Plant,,
Ferocactus hystrix,Fish-hook Cactus,Plant from Mitchell Park Domes collection. Larger specimen; might be difficult to move successfully,
Ferocactus pilosus,Mexican Fire Barrel,Plant from Mitchell Park Domes collection. Larger specimen; might be difficult to move successfully,
Ferocactus rectispinus,"
",Plant from Mitchell Park Domes collection. Larger specimen; might be difficult to move successfully,
Graptopetalum amethystinum,Lavender Pebbles,Plant from Mitchell Park Domes collection. Large clump; easily propagated,
Graptopetalum paraguayense,"
",Plant from Mitchell Park Domes collection. Easily propagated,
Hamatocactus hamatacanthus subsp. hamatacanthus,Yellow Turk's Head,,
Leuchtenbergia principis,Prism cactus,Plant from Mitchell Park Domes collection. Nice specimen,
Lophocereus schottii,Old Man Cactus,Plant from Mitchell Park Domes collection. Larger specimen; might be difficult to move successfully. ID needs verification,
Mammillaria decipiens,Bird's Nest Mammillaria,,
Mammillaria geminispina,Twin-spine cactus,,
Mammillaria hahniana 'Super Clone',Old Lady Cactus,,
Mammillaria parkinsonii,Owl-Eye Pincushion,,
Mammillaria petterssonii,"
",,
Mammillaria vetula,"
",,
Lophocereus marginatus,Mexican fencepost,"Plant from Mitchell Park Domes collection. Larger plants; cuttings could be taken, or buy new.",
Opuntia aciculata,Cowboy's Whiskers�,Plant from Mitchell Park Domes collection. Could try to save pads instead of plant,
Opuntia robusta,Dinner Plate Cactus,Plant from Mitchell Park Domes collection. Larger plant but likely can be moved successfully,
Lophocereus schottii f. monstrosus,Totem Pole Cactus,,
Pachycereus sp.,Cardon,"Plant from Mitchell Park Domes collection. Notes say ""either pringlei or weberi""",
PACHYPHYTUM BRACTEOSUM,Moonstones,Plant from Mitchell Park Domes collection. Easy to propagate,
Sedum adolphii,"
",Plant from Mitchell Park Domes collection. Easy to propagate,
Sedum morganianum,Burro's Tail,Plant from Mitchell Park Domes collection. Easy to propagate,
Cleistocactus hyalacanthus,Silver Torch,,
Fouquieria splendens,Ocotillo,,
Ariocarpus fissuratus,LIVING ROCK CACTUS,Plant from Mitchell Park Domes collection. CITES rescue,
ADENIA SPINOSA,"
",Plant from Mitchell Park Domes collection. Nice large specimen,
Aloe alooides,Graskop Aloe,,
Aloe arborescens,Octopus Aloe,Plant from Mitchell Park Domes collection. Large clump; probably able to transplant a few individuals.,
Aloe broomii,Mountain Aloe,,
Aloe ferox,BItter Aloe,,
Aloe krapohliana,Tree Aloe,,
Aloiampelos ciliaris,Climbing Aloe,Plant from Mitchell Park Domes collection. Large clump; new plants would be much smaller. Fast-growing.,
Boophane disticha,"
",,
Bowiea volubilis,Climbing Onion,,
Crassula� arborescens,Silver Jade Plant,,
Crassula ovata,Jade Plant,Plant from Mitchell Park Domes collection. 5 large specimens. Easy to propagate,
Crassula ovata 'Hobbit',Hobbit Jade,Plant from Mitchell Park Domes collection. Large specimen worth saving,
Cyphostemma juttae,Namibian Grape,,
Euphorbia horrida 'Snowflake',"
",,
Euphorbia obesa,Living Baseball,,
Gasteria excelsa,"
",,
Haemanthus albiflos,White Paintbrush,Plant from Mitchell Park Domes collection. Can possibly save as dormant bulbs,
Lithops geyeri,"
",,
Lithops hookeri,"
",,
Pachypodium saundersii,"
",Plant from Mitchell Park Domes collection. Smaller one can be done by staff; larger needs consult,
Curio ficoides,"
",,
Kleinia stapeliiformis,Inch Worm Plant,,
Strelitzia juncea,Bird of Paradise,Plant from Mitchell Park Domes collection. Large plant; might be able to dig up chunks for transplant,
Tylecodon paniculatus,Butter Tree,,
Welwitschia mirabilis,Welwitschia,Plant from Mitchell Park Domes collection. Planted in 2022. Taprooted; very difficult to transplant successfully once established.,
Begonia ruhlandiana,"
",Plant from Mitchell Park Domes collection. Donated by Huntington Gardens,
Bromelia balansae,Heart of Flame,Plant from Mitchell Park Domes collection. Might be able to save offsets. Not worth risking nearby Golden Barrels,
Cleistocactus sp.,"
",Plant from Mitchell Park Domes collection. Ideally should be identified to remain in collection,
Copiapoa coquimbana,"
",Plant from Mitchell Park Domes collection. CITES rescue,
Copiapoa hypogaea,"
",Plant from Mitchell Park Domes collection. CITES rescue; IUCN Endangered,
Copiapoa lembeckei,"
",Plant from Mitchell Park Domes collection. CITES rescue,
Dyckia sp.,"
",Plant from Mitchell Park Domes collection. Ideally should be identified to remain in collection,
Echinopsis huascha,Red Torch Cactus,,
Echinopsis sp.,Easter Lily Cactus,Plant from Mitchell Park Domes collection. Ideally should be identified to remain in collection,
Gymnocalycium saglionis,"
",,
Parodia magnifica,"
",Plant from Mitchell Park Domes collection. IUCN Endangered; larger clumps might need help/equipment,
Oreocereus trollii,Old Man of the Mountain,,
Pilosocereus sp.,"
",Plant from Mitchell Park Domes collection. Possibly P. pachycladus,
Ubelmannia pectinifera,"
",Plant from Mitchell Park Domes collection. IUCN Endangered. Large specimen; Estimated to be worth over $1000 by president of Milwaukee CSS,
Aloe macrocarpa,Zebra Aloe,Plant from Mitchell Park Domes collection. Verify ID,
Aloidendron dichotomum,Quiver Tree,Plant from Mitchell Park Domes collection. IUCN Vulnerable,
Crassula 'Tom Thumb',Tom Thumb,,
Dracaena hallii,Baseball Bat,,
Fockea edulis,"
",Plant from Mitchell Park Domes collection. Relatively big caudiciform plant; probably still able to move successfully.,
Haworthiopsis limifolia,Fairy Washboard,,
Parodia leninghausii�,Goldenball Cactus,Plant from Mitchell Park Domes collection. IUCN Endangered,
Hemionitis bradburyi,Wooly Lip Fern,,
Pelargonium carnosum�,Pelargonium,,
Yucca baccata,Blue Yucca,Plant from Mitchell Park Domes collection. Larger plants but should be able to save at least one,
Leucophyllum frutescens,Barometer Bush,Plant from Mitchell Park Domes collection. Might be able to save smaller plant,
Agave lechuguilla,Lechuguilla,,
Cylindropuntia sp.,Cholla,,
Larrea tridentata,Creosote Bush,Plant from Mitchell Park Domes collection. Uncertain of transplant success,
Opuntia phaecantha,Purple-fruited Prickly Pear,,
Opuntia santa-rita 'Tubac',Santa Rita Prickly Pear,,
Simmondsia chinensis,Jojoba,Plant from Mitchell Park Domes collection. Largest plant unlikely to survive but smaller ones (from wild-collected seed) might be able to be moved.�,
Yucca faxoniana,Spanish Dagger,,
Opuntia basilaris,Beaver Tail Cactus,,
Opuntia basilaris hyb. 'Baby Rita',Baby Rita,,
Agave parrasana,Cabbage Head Agave,Plant from Mitchell Park Domes collection. IUCN Vulnerable,
Chilopsis linearis,Desert Willow,Plant from Mitchell Park Domes collection. From wild-collected seed.,
Euphorbia antisyphilitica�,Candelilla,Plant from Mitchell Park Domes collection. Large clump; able to dig out a chunk.,
Euphorbia milii,Crown Of Thorns,,
